{
    "algo": "glm",
    "model_id": "GLM_grid_0_AutoML_20181101_191116_model_0",
    "coef": {
        "Intercept": 0.24345360510740643,
        "Industry.Advertising": 0.006847980616012188,
        "Industry.Aerospace & Defense": -0.10192012412782771,
        "Industry.Air Courier": -0.014614954784781602,
        "Industry.Airline": 0.10675731043045344,
        "Industry.Aluminum": -0.012546009215413188,
        "Industry.Apparel/Accessories": 0.032717000603250154,
        "Industry.Apparel/Footwear Retail": 0.018709672513442594,
        "Industry.Auto & Truck Manufacturers": 0.21489186157086163,
        "Industry.Auto & Truck Parts": 0.12428169270744338,
        "Industry.Beverages": 0.050609756804217934,
        "Industry.Biotechs": 0.02680122733798476,
        "Industry.Broadcasting & Cable": 0.07111402262371308,
        "Industry.Business & Personal Services": 0.03473961899383847,
        "Industry.Business Products & Supplies": -0.03286885358844085,
        "Industry.Casinos & Gaming": 0.03058982382328639,
        "Industry.Communications Equipment": 0.07664659165620254,
        "Industry.Computer & Electronics Retail": 0.01219351424783886,
        "Industry.Computer Hardware": 0.0014863695707566594,
        "Industry.Computer Services": -0.06915680827703753,
        "Industry.Computer Storage Devices": 0.0,
        "Industry.Conglomerates": 0.053065255030207155,
        "Industry.Construction Materials": 0.008442395277464864,
        "Industry.Construction Services": 0.030931557552503142,
        "Industry.Consumer Electronics": -0.14622628451994388,
        "Industry.Consumer Financial Services": 0.05373890434883833,
        "Industry.Containers & Packaging": 0.008173249559869112,
        "Industry.Department Stores": -0.04419396300334734,
        "Industry.Discount Stores": 0.0004082119383064728,
        "Industry.Diversified Chemicals": 0.13201734743084387,
        "Industry.Diversified Insurance": -0.059218149393407506,
        "Industry.Diversified Metals & Mining": 0.009289210462241322,
        "Industry.Diversified Utilities": 0.04665760571225309,
        "Industry.Drug Retail": -0.004341497670981168,
        "Industry.Electric Utilities": -0.13823125494778982,
        "Industry.Electrical Equipment": 0.02773910743759607,
        "Industry.Electronics": 0.026677872928296213,
        "Industry.Environmental & Waste": -0.008441905749712722,
        "Industry.Food Processing": -0.01941109336161469,
        "Industry.Food Retail": -0.09829996108197885,
        "Industry.Furniture & Fixtures": 0.016400723067656272,
        "Industry.Healthcare Services": 0.05965629180115392,
        "Industry.Heavy Equipment": -0.09187492929917898,
        "Industry.Home Improvement Retail": 0.035506478307410536,
        "Industry.Hotels & Motels": 0.03614317397642985,
        "Industry.Household Appliances": 0.007577638813194889,
        "Industry.Household/Personal Care": 0.06885294935981152,
        "Industry.Insurance Brokers": 0.014076096958682095,
        "Industry.Internet & Catalog Retail": -0.151406327276424,
        "Industry.Investment Services": -0.08834915683982754,
        "Industry.Iron & Steel": -0.06506051547747754,
        "Industry.Life & Health Insurance": -0.22407651502225076,
        "Industry.Major Banks": -0.8168186430014159,
        "Industry.Managed Health Care": -0.03165383482960217,
        "Industry.Medical Equipment & Supplies": 0.1208377627822121,
        "Industry.Natural Gas Utilities": 0.08788435157871739,
        "Industry.Oil & Gas Operations": -0.43365736835611157,
        "Industry.Oil Services & Equipment": -0.1517417238722257,
        "Industry.Other Industrial Equipment": 0.012164460890873464,
        "Industry.Other Transportation": -0.035849326691495424,
        "Industry.Paper & Paper Products": 0.01876446782515764,
        "Industry.Pharmaceuticals": 0.13096089741833372,
        "Industry.Precision Healthcare Equipment": 0.002930095411549838,
        "Industry.Printing & Publishing": -0.052665676677665925,
        "Industry.Property & Casualty Insurance": 0.035047518624506314,
        "Industry.Railroads": 0.06048157065937334,
        "Industry.Real Estate": 0.1874609103143019,
        "Industry.Recreational Products": 0.017272672501925556,
        "Industry.Regional Banks": 0.1352213674032797,
        "Industry.Rental & Leasing": 0.02005932807114916,
        "Industry.Restaurants": 0.00736230351199721,
        "Industry.Security Systems": 0.0014728783910006086,
        "Industry.Semiconductors": 0.2042835359860944,
        "Industry.Software & Programming": -0.01669317051124979,
        "Industry.Specialized Chemicals": 0.027400096331052323,
        "Industry.Specialty Stores": 0.04873157729279498,
        "Industry.Telecommunications services": 0.19431712087744216,
        "Industry.Thrifts & Mortgage Finance": 0.018628994465798483,
        "Industry.Tobacco": 0.12219637807377742,
        "Industry.Trading Companies": 0.0036180120767146068,
        "Industry.Trucking": 0.008074529691436431,
        "Country.Argentina": 0.0006317405631064476,
        "Country.Australia": -0.0035237222810779113,
        "Country.Austria": 0.02887721489652999,
        "Country.Bahrain": 0.006066543984970335,
        "Country.Belgium": 0.026297063905029814,
        "Country.Bermuda": 0.06887427558459523,
        "Country.Brazil": -0.09513193366256749,
        "Country.Canada": -0.011495593955268456,
        "Country.Chile": -0.00640607406598364,
        "Country.China": 0.2200356746412887,
        "Country.Colombia": 0.04171273157264452,
        "Country.Czech Republic": 0.00838624879651978,
        "Country.Denmark": -0.02672432847937687,
        "Country.Egypt": 0.012402406736603247,
        "Country.Finland": -0.016694500772037008,
        "Country.France": -0.19326687992621383,
        "Country.Germany": -0.3364847341935664,
        "Country.Greece": 0.0141369474617184,
        "Country.Hong Kong": 0.18621549234623652,
        "Country.Hungary": -0.0002022784482425466,
        "Country.India": -0.01849449073118854,
        "Country.Indonesia": 0.015328081900702673,
        "Country.Ireland": 0.16298136021627713,
        "Country.Israel": -0.00015361985734505088,
        "Country.Italy": -0.5018527341053628,
        "Country.Japan": -0.033244824688920135,
        "Country.Jordan": 0.003445901305273978,
        "Country.Kuwait": 0.005651811559948048,
        "Country.Lebanon": 0.0076715669039944855,
        "Country.Luxembourg": 0.04025838396714005,
        "Country.Malaysia": 0.03107829897006029,
        "Country.Mexico": -0.03594536649026628,
        "Country.Mongolia": -0.01751895616746402,
        "Country.Morocco": 0.0031572819058785983,
        "Country.Netherlands": -0.159654385947858,
        "Country.Nigeria": 0.025451194887807047,
        "Country.Norway": -0.07087220454907148,
        "Country.Oman": 0.00797977169828576,
        "Country.Pakistan": 0.006713269235668801,
        "Country.Peru": 0.005350008047168025,
        "Country.Philippines": 0.011679800749346159,
        "Country.Poland": 0.07066972196983003,
        "Country.Portugal": 0.03349622548678082,
        "Country.Puerto Rico": 0.0,
        "Country.Qatar": 0.028186791077166696,
        "Country.Russia": 0.4541417460848766,
        "Country.Saudi Arabia": 0.07126123824484576,
        "Country.Singapore": -0.05491630154909812,
        "Country.South Africa": 0.03688868108724971,
        "Country.South Korea": 0.16734426135541738,
        "Country.Spain": -0.020565320614336028,
        "Country.Sweden": 0.08717060956125361,
        "Country.Switzerland": -0.09225919249552934,
        "Country.Taiwan": 0.14447688748327056,
        "Country.Thailand": 0.06668618488582459,
        "Country.Turkey": 0.0621896414563755,
        "Country.United Arab Emirates": 0.08495922698275965,