,model_id,mean_residual_deviance,rmse,mse,mae,rmsle
1,StackedEnsemble_BestOfFamily_0_AutoML_20181101_201034,5.2335537785128885,2.2876961726839706,5.2335537785128885,1.9871715585894467,0.4920650127739265
2,GLM_grid_0_AutoML_20181101_201034_model_0,5.24096745082702,2.2893159351271333,5.24096745082702,1.9877371059800717,0.4923393363040474
3,GBM_grid_0_AutoML_20181101_201034_model_14,5.242659062967941,2.2896853633125973,5.242659062967941,1.9887449768950685,0.4923933498163284
9,DeepLearning_0_AutoML_20181101_201034,5.491208837237461,2.343332848153984,5.491208837237461,2.021560044296033,0.5045565081540387
16,DRF_0_AutoML_20181101_201034,5.90661742759395,2.430353354472133,5.90661742759395,2.0749479464822946,0.5132222497864309
17,XRT_0_AutoML_20181101_201034,6.012142507937088,2.451967069097195,6.012142507937088,2.0828944909652107,0.5170678114867663
